batch,score_category,score_column,prediction_rule,threshold,precision,recall,f1,tp,fp,fn,tn,predicted_count,gold_count,candidate_count,is_best,selected_for_prediction
lm_lex_batch_8,mean_similarity,mean_similarity,mean_similarity <= threshold,0.008759,0.0,0.0,0.0,0,0,900,6093,0,900,6993,0,0
lm_lex_batch_8,mean_similarity,mean_similarity,mean_similarity <= threshold,0.02899,0.2534246575342466,0.0822222222222222,0.1241610738255033,74,218,826,5875,292,900,6993,0,0
lm_lex_batch_8,mean_similarity,mean_similarity,mean_similarity <= threshold,0.081047,0.2246998284734133,0.1455555555555555,0.1766689143627781,131,452,769,5641,583,900,6993,0,0
lm_lex_batch_8,mean_similarity,mean_similarity,mean_similarity <= threshold,0.130809,0.2011428571428571,0.1955555555555555,0.1983098591549295,176,699,724,5394,875,900,6993,0,0
lm_lex_batch_8,mean_similarity,mean_similarity,mean_similarity <= threshold,0.171748,0.1938250428816466,0.2511111111111111,0.2187802516940948,226,940,674,5153,1166,900,6993,0,0
lm_lex_batch_8,mean_similarity,mean_similarity,mean_similarity <= threshold,0.20525,0.183939601921757,0.2977777777777777,0.2274077216801018,268,1189,632,4904,1457,900,6993,0,0
lm_lex_batch_8,mean_similarity,mean_similarity,mean_similarity <= threshold,0.235043,0.1739130434782608,0.3377777777777778,0.2296072507552869,304,1444,596,4649,1748,900,6993,0,0
lm_lex_batch_8,mean_similarity,mean_similarity,mean_similarity <= threshold,0.263608,0.1705882352941176,0.3866666666666666,0.236734693877551,348,1692,552,4401,2040,900,6993,0,0
lm_lex_batch_8,mean_similarity,mean_similarity,mean_similarity <= threshold,0.289461,0.1681681681681681,0.4355555555555555,0.2426493345713401,392,1939,508,4154,2331,900,6993,0,0
lm_lex_batch_8,mean_similarity,mean_similarity,mean_similarity <= threshold,0.319679,0.1627906976744186,0.4744444444444444,0.2424070394550099,427,2196,473,3897,2623,900,6993,0,0
lm_lex_batch_8,mean_similarity,mean_similarity,mean_similarity <= threshold,0.350968,0.1599176389842141,0.5177777777777778,0.2443628736234923,466,2448,434,3645,2914,900,6993,0,0
lm_lex_batch_8,mean_similarity,mean_similarity,mean_similarity <= threshold,0.388034,0.15600624024961,0.5555555555555556,0.243605359317905,500,2705,400,3388,3205,900,6993,0,0
lm_lex_batch_8,mean_similarity,mean_similarity,mean_similarity <= threshold,0.422311,0.1532742350586216,0.5955555555555555,0.243802592676825,536,2961,364,3132,3497,900,6993,0,0
lm_lex_batch_8,mean_similarity,mean_similarity,mean_similarity <= threshold,0.458081,0.1528511087645195,0.6433333333333333,0.2470136518771331,579,3209,321,2884,3788,900,6993,1,1
lm_lex_batch_8,mean_similarity,mean_similarity,mean_similarity <= threshold,0.499578,0.1505270899730326,0.6822222222222222,0.2466358706567584,614,3465,286,2628,4079,900,6993,0,0
lm_lex_batch_8,mean_similarity,mean_similarity,mean_similarity <= threshold,0.536948,0.1470722781335773,0.7144444444444444,0.2439301972685887,643,3729,257,2364,4372,900,6993,0,0
lm_lex_batch_8,mean_similarity,mean_similarity,mean_similarity <= threshold,0.573702,0.1447876447876447,0.75,0.2427184466019417,675,3987,225,2106,4662,900,6993,0,0
lm_lex_batch_8,mean_similarity,mean_similarity,mean_similarity <= threshold,0.603949,0.1417322834645669,0.78,0.2398769861609431,702,4251,198,1842,4953,900,6993,0,0
lm_lex_batch_8,mean_similarity,mean_similarity,mean_similarity <= threshold,0.63766,0.139206712433257,0.8111111111111111,0.2376302083333333,730,4514,170,1579,5244,900,6993,0,0
lm_lex_batch_8,mean_similarity,mean_similarity,mean_similarity <= threshold,0.671222,0.1392702312138728,0.8566666666666667,0.2395898073337476,771,4765,129,1328,5536,900,6993,0,0
lm_lex_batch_8,mean_similarity,mean_similarity,mean_similarity <= threshold,0.705824,0.1376351467307362,0.8911111111111111,0.2384420990040136,802,5025,98,1068,5827,900,6993,0,0
lm_lex_batch_8,mean_similarity,mean_similarity,mean_similarity <= threshold,0.744976,0.1351528027455466,0.9188888888888888,0.2356461034335375,827,5292,73,801,6119,900,6993,0,0
lm_lex_batch_8,mean_similarity,mean_similarity,mean_similarity <= threshold,0.781822,0.1332293291731669,0.9488888888888888,0.2336525307797537,854,5556,46,537,6410,900,6993,0,0
lm_lex_batch_8,mean_similarity,mean_similarity,mean_similarity <= threshold,0.835981,0.1302790628264438,0.97,0.2297066175503223,873,5828,27,265,6701,900,6993,0,0
lm_lex_batch_8,mean_similarity,mean_similarity,mean_similarity <= threshold,0.966336,0.1287185354691075,1.0,0.2280790674100354,900,6092,0,1,6992,900,6993,0,0
lm_lex_batch_9,mean_similarity,mean_similarity,mean_similarity <= threshold,0.008766,0.0,0.0,0.0,0,0,911,5345,0,911,6256,0,0
lm_lex_batch_9,mean_similarity,mean_similarity,mean_similarity <= threshold,0.027492,0.3065134099616858,0.0878155872667398,0.136518771331058,80,181,831,5164,261,911,6256,0,0
lm_lex_batch_9,mean_similarity,mean_similarity,mean_similarity <= threshold,0.08065,0.3007662835249042,0.1723380900109769,0.2191207257501744,157,365,754,4980,522,911,6256,0,0
lm_lex_batch_9,mean_similarity,mean_similarity,mean_similarity <= threshold,0.133542,0.2659846547314578,0.2283205268935236,0.2457176609568813,208,574,703,4771,782,911,6256,0,0
lm_lex_batch_9,mean_similarity,mean_similarity,mean_similarity <= threshold,0.175662,0.24928092042186,0.2854006586169045,0.2661207778915046,260,783,651,4562,1043,911,6256,0,0
lm_lex_batch_9,mean_similarity,mean_similarity,mean_similarity <= threshold,0.210966,0.2300613496932515,0.3293084522502744,0.2708803611738148,300,1004,611,4341,1304,911,6256,0,0
lm_lex_batch_9,mean_similarity,mean_similarity,mean_similarity <= threshold,0.241604,0.2225063938618925,0.3819978046103183,0.2812121212121212,348,1216,563,4129,1564,911,6256,0,0
lm_lex_batch_9,mean_similarity,mean_similarity,mean_similarity <= threshold,0.273707,0.2115068493150685,0.4237102085620197,0.2821637426900584,386,1439,525,3906,1825,911,6256,0,0
lm_lex_batch_9,mean_similarity,mean_similarity,mean_similarity <= threshold,0.303071,0.2066155321188878,0.4731064763995609,0.2876209542876209,431,1655,480,3690,2086,911,6256,0,0
lm_lex_batch_9,mean_similarity,mean_similarity,mean_similarity <= threshold,0.335731,0.2003410059676044,0.5159165751920965,0.2886091495241019,470,1876,441,3469,2346,911,6256,1,1
lm_lex_batch_9,mean_similarity,mean_similarity,mean_similarity <= threshold,0.372776,0.1937092443421557,0.5543358946212953,0.2870949403069925,505,2102,406,3243,2607,911,6256,0,0
lm_lex_batch_9,mean_similarity,mean_similarity,mean_similarity <= threshold,0.404788,0.1869550052319497,0.5883644346871569,0.2837480148226575,536,2331,375,3014,2867,911,6256,0,0
lm_lex_batch_9,mean_similarity,mean_similarity,mean_similarity <= threshold,0.443333,0.1822250639386189,0.6256860592755215,0.2822480812082198,570,2558,341,2787,3128,911,6256,0,0
lm_lex_batch_9,mean_similarity,mean_similarity,mean_similarity <= threshold,0.476139,0.1767483033343169,0.6575192096597146,0.2786046511627907,599,2790,312,2555,3389,911,6256,0,0
lm_lex_batch_9,mean_similarity,mean_similarity,mean_similarity <= threshold,0.515725,0.1718278980542614,0.6882546652030735,0.2749999999999999,627,3022,284,2323,3649,911,6256,0,0
lm_lex_batch_9,mean_similarity,mean_similarity,mean_similarity <= threshold,0.550861,0.1654731457800511,0.7102085620197585,0.2684090437668534,647,3263,264,2082,3910,911,6256,0,0
lm_lex_batch_9,mean_similarity,mean_similarity,mean_similarity <= threshold,0.583484,0.161591944377847,0.7398463227222832,0.265249901613538,674,3497,237,1848,4171,911,6256,0,0
lm_lex_batch_9,mean_similarity,mean_similarity,mean_similarity <= threshold,0.616578,0.1586549311667795,0.7716794731064764,0.2631973043803818,703,3728,208,1617,4431,911,6256,0,0
lm_lex_batch_9,mean_similarity,mean_similarity,mean_similarity <= threshold,0.650779,0.1562233589087809,0.8046103183315039,0.2616455470283776,733,3959,178,1386,4692,911,6256,0,0
lm_lex_batch_9,mean_similarity,mean_similarity,mean_similarity <= threshold,0.682958,0.1536752827140549,0.8353457738748628,0.2595940644721132,761,4191,150,1154,4952,911,6256,0,0
lm_lex_batch_9,mean_similarity,mean_similarity,mean_similarity <= threshold,0.715547,0.1507769038941109,0.862788144895719,0.2566949706074461,786,4427,125,918,5213,911,6256,0,0
lm_lex_batch_9,mean_similarity,mean_similarity,mean_similarity <= threshold,0.750418,0.1494336865180855,0.897914379802415,0.2562255285826155,818,4656,93,689,5474,911,6256,0,0
lm_lex_batch_9,mean_similarity,mean_similarity,mean_similarity <= threshold,0.78627,0.1473665852807813,0.9275521405049396,0.254326561324304,845,4889,66,456,5734,911,6256,0,0
lm_lex_batch_9,mean_similarity,mean_similarity,mean_similarity <= threshold,0.833173,0.1459549624687239,0.960482985729967,0.2534028381117868,875,5120,36,225,5995,911,6256,0,0
lm_lex_batch_9,mean_similarity,mean_similarity,mean_similarity <= threshold,0.959138,0.1454836131095123,0.9989023051591658,0.2539771141501535,910,5345,1,0,6255,911,6256,0,0
lm_lex_batch_10,mean_similarity,mean_similarity,mean_similarity <= threshold,0.008731,1.0,0.0010741138560687,0.0021459227467811,1,0,930,5634,1,931,6565,0,0
lm_lex_batch_10,mean_similarity,mean_similarity,mean_similarity <= threshold,0.030698,0.3284671532846715,0.0966702470461869,0.1493775933609958,90,184,841,5450,274,931,6565,0,0
lm_lex_batch_10,mean_similarity,mean_similarity,mean_similarity <= threshold,0.084119,0.2943327239488117,0.1729323308270676,0.2178619756427604,161,386,770,5248,547,931,6565,0,0
lm_lex_batch_10,mean_similarity,mean_similarity,mean_similarity <= threshold,0.138952,0.2630937880633374,0.2320085929108485,0.2465753424657534,216,605,715,5029,821,931,6565,0,0
lm_lex_batch_10,mean_similarity,mean_similarity,mean_similarity <= threshold,0.175352,0.2340036563071298,0.2749731471535983,0.2528395061728395,256,838,675,4796,1094,931,6565,0,0
lm_lex_batch_10,mean_similarity,mean_similarity,mean_similarity <= threshold,0.210033,0.2273391812865497,0.3340494092373791,0.2705524140930839,311,1057,620,4577,1368,931,6565,0,0
lm_lex_batch_10,mean_similarity,mean_similarity,mean_similarity <= threshold,0.242071,0.2151127361365021,0.3791621911922664,0.2744945567651633,353,1288,578,4346,1641,931,6565,0,0
lm_lex_batch_10,mean_similarity,mean_similarity,mean_similarity <= threshold,0.270666,0.2026109660574412,0.4167561761546724,0.2726633872101194,388,1527,543,4107,1915,931,6565,0,0
lm_lex_batch_10,mean_similarity,mean_similarity,mean_similarity <= threshold,0.299609,0.1936957514846962,0.4554242749731471,0.2717948717948717,424,1765,507,3869,2189,931,6565,0,0
lm_lex_batch_10,mean_similarity,mean_similarity,mean_similarity <= threshold,0.329995,0.1924482338611449,0.5091299677765844,0.2793164407778433,474,1989,457,3645,2463,931,6565,1,1
lm_lex_batch_10,mean_similarity,mean_similarity,mean_similarity <= threshold,0.371028,0.1824497257769652,0.5359828141783028,0.2722313147845063,499,2236,432,3398,2735,931,6565,0,0
lm_lex_batch_10,mean_similarity,mean_similarity,mean_similarity <= threshold,0.40589,0.1758059155865736,0.5682062298603652,0.2685279187817259,529,2480,402,3154,3009,931,6565,0,0
lm_lex_batch_10,mean_similarity,mean_similarity,mean_similarity <= threshold,0.443414,0.1724032896740785,0.6079484425349087,0.2686283815851922,566,2717,365,2917,3283,931,6565,0,0
lm_lex_batch_10,mean_similarity,mean_similarity,mean_similarity <= threshold,0.481502,0.1667604049493813,0.6369495166487648,0.2643191441943392,593,2963,338,2671,3556,931,6565,0,0
lm_lex_batch_10,mean_similarity,mean_similarity,mean_similarity <= threshold,0.518313,0.1650130548302872,0.6788399570354458,0.265490443184205,632,3198,299,2436,3830,931,6565,0,0
lm_lex_batch_10,mean_similarity,mean_similarity,mean_similarity <= threshold,0.550016,0.1625639775773824,0.7164339419978518,0.2649980135081446,667,3436,264,2198,4103,931,6565,0,0
lm_lex_batch_10,mean_similarity,mean_similarity,mean_similarity <= threshold,0.583158,0.1581352833638025,0.7432867883995704,0.2607876389674015,692,3684,239,1950,4376,931,6565,0,0
lm_lex_batch_10,mean_similarity,mean_similarity,mean_similarity <= threshold,0.618388,0.1559139784946236,0.7787325456498388,0.2598100698799498,725,3925,206,1709,4650,931,6565,0,0
lm_lex_batch_10,mean_similarity,mean_similarity,mean_similarity <= threshold,0.655885,0.1529555149299207,0.8088077336197637,0.2572599931670652,753,4170,178,1464,4923,931,6565,0,0
lm_lex_batch_10,mean_similarity,mean_similarity,mean_similarity <= threshold,0.688577,0.1493169136040023,0.8335123523093448,0.2532637075718015,776,4421,155,1213,5197,931,6565,0,0
lm_lex_batch_10,mean_similarity,mean_similarity,mean_similarity <= threshold,0.722219,0.1482361542679583,0.8711063372717508,0.253358325523274,811,4660,120,974,5471,931,6565,0,0
lm_lex_batch_10,mean_similarity,mean_similarity,mean_similarity <= threshold,0.755422,0.1476323119777158,0.9108485499462944,0.2540823970037453,848,4896,83,738,5744,931,6565,0,0
lm_lex_batch_10,mean_similarity,mean_similarity,mean_similarity <= threshold,0.789979,0.1444001329345297,0.933404940923738,0.2501079291984458,869,5149,62,485,6018,931,6565,0,0
lm_lex_batch_10,mean_similarity,mean_similarity,mean_similarity <= threshold,0.833378,0.1425846447305674,0.9634801288936627,0.2484076433121019,897,5394,34,240,6291,931,6565,0,0
lm_lex_batch_10,mean_similarity,mean_similarity,mean_similarity <= threshold,0.966587,0.1418342474101157,1.0,0.248432288192128,931,5633,0,1,6564,931,6565,0,0
