sentence_id,sentence,candidate,cand_norm,cand_type,token_pos,component_token_positions,sc_score,sc_pred,lg_score,lg_pred,ma_score,ma_pred,is_gold
0,"Mate, IRL you fold faster than a Walmart chair",a,a,is_single_word,6,,0.0,0,0.0,0,0.0,0,0
0,"Mate, IRL you fold faster than a Walmart chair",chair,chair,is_single_word,8,,0.0,0,0.0,0,0.0,0,0
0,"Mate, IRL you fold faster than a Walmart chair",faster,faster,is_single_word,4,,0.0,0,0.0,0,0.0,0,0
0,"Mate, IRL you fold faster than a Walmart chair",fold,fold,is_single_word,3,,0.0,0,0.0,0,0.0,0,1
0,"Mate, IRL you fold faster than a Walmart chair",IRL,irl,is_single_word,1,,0.2857142857142857,1,7.688880801200867,1,0.2841676870981852,1,1
0,"Mate, IRL you fold faster than a Walmart chair",Mate,mate,is_single_word,0,,0.0,0,9.063976287841797,1,0.1741946935653686,1,1
0,"Mate, IRL you fold faster than a Walmart chair",than,than,is_single_word,5,,0.0,0,0.0,0,0.0,0,0
0,"Mate, IRL you fold faster than a Walmart chair",Walmart,walmart,is_single_word,7,,0.0,0,0.0,0,0.0,0,0
0,"Mate, IRL you fold faster than a Walmart chair",you,you,is_single_word,2,,0.0,0,0.0,0,0.0,0,0
10,"Fam, stop cappin’, lowkey annoyed",annoyed,annoyed,is_single_word,4,,0.0,0,0.0,0,0.0,0,0
10,"Fam, stop cappin’, lowkey annoyed",cappin,cappin,is_single_word,2,,0.4285714285714285,1,5.773427248001099,1,0.6894284511605899,1,1
10,"Fam, stop cappin’, lowkey annoyed",Fam,fam,is_single_word,0,,0.0,0,0.0,0,0.0,0,1
10,"Fam, stop cappin’, lowkey annoyed",lowkey,lowkey,is_single_word,3,,0.4285714285714285,1,7.530342221260071,1,0.5015013019243877,1,1
10,"Fam, stop cappin’, lowkey annoyed",stop,stop,is_single_word,1,,0.0,0,0.0,0,0.0,0,0
11,"Bruh, you ghosted again",you ghosted,you ghosted,is_multiword,1,1|2,0.4285714285714285,0,5.903584957122803,0,0.4547652304172516,0,0
11,"Bruh, you ghosted again",again,again,is_single_word,3,,0.0,0,0.0,0,0.0,0,0
11,"Bruh, you ghosted again",Bruh,bruh,is_single_word,0,,0.0,0,7.8453369140625,1,0.763004332780838,1,1
11,"Bruh, you ghosted again",ghosted,ghosted,is_single_word,2,,0.4285714285714285,1,8.825021415948868,1,0.395951509475708,1,1
11,"Bruh, you ghosted again",you,you,is_single_word,1,,0.0,0,2.397594451904297,1,0.4853857556978861,1,0
12,"Yo, lowkey flexin’",lowkey flexin,lowkey flexin,is_multiword,1,1|2,0.4285714285714285,0,6.5746993780136105,0,0.1710200508435567,0,0
12,"Yo, lowkey flexin’",flexin,flexin,is_single_word,2,,0.4285714285714285,1,5.3865063190460205,1,0.2100865244865417,1,1
12,"Yo, lowkey flexin’",lowkey,lowkey,is_single_word,1,,0.4285714285714285,1,8.229122281074524,1,0.3950040737787882,1,1
12,"Yo, lowkey flexin’",Yo,yo,is_single_word,0,,0.0,0,7.012233734130859,1,0.5469680540263653,1,1
13,"Mate, pull up or stay sus",Mate,mate,is_single_word,0,,0.0,0,14.884846448898315,1,0.5371766636768978,1,1
13,"Mate, pull up or stay sus",or,or,is_single_word,3,,0.0,0,0.0,0,0.0,0,0
13,"Mate, pull up or stay sus",pull,pull,is_single_word,1,,0.0,0,0.0,0,0.0,0,0
13,"Mate, pull up or stay sus",stay,stay,is_single_word,4,,0.0,0,0.0,0,0.0,0,0
13,"Mate, pull up or stay sus",sus,sus,is_single_word,5,,0.0,0,13.202514320611954,1,0.3061899344126383,1,1
13,"Mate, pull up or stay sus",up,up,is_single_word,2,,0.0,0,0.0,0,0.0,0,0
14,"Sis, this vibe is straight mid",straight mid,straight mid,is_multiword,4,4|5,0.0,0,7.010589122772217,0,0.9785497036452094,1,0
14,"Sis, this vibe is straight mid",is,is,is_single_word,3,,0.0,0,0.0,0,0.0,0,0
14,"Sis, this vibe is straight mid",mid,mid,is_single_word,5,,0.0,0,12.524162411689758,1,0.6916128794352214,0,1
14,"Sis, this vibe is straight mid",Sis,sis,is_single_word,0,,0.0,0,6.400127291679382,1,0.3073040843009949,1,1
14,"Sis, this vibe is straight mid",straight,straight,is_single_word,4,,0.0,0,8.821609735488892,1,0.8503917921334505,0,0
14,"Sis, this vibe is straight mid",this,this,is_single_word,1,,0.0,0,0.0,0,0.0,0,0
14,"Sis, this vibe is straight mid",vibe,vibe,is_single_word,2,,0.0,0,6.963277697563171,1,0.3438833753267923,1,0
15,"Bruh, lowkey flexin’",lowkey flexin,lowkey flexin,is_multiword,1,1|2,0.4285714285714285,0,8.390332233905792,1,0.1678446133931478,0,0
15,"Bruh, lowkey flexin’",Bruh,bruh,is_single_word,0,,0.0,0,6.63826584815979,1,0.6563340649008751,1,1
15,"Bruh, lowkey flexin’",flexin,flexin,is_single_word,2,,0.4285714285714285,1,4.930924693743388,0,0.1654214064280191,1,1
15,"Bruh, lowkey flexin’",lowkey,lowkey,is_single_word,1,,0.4285714285714285,1,7.190354585647583,0,0.5132528245449066,1,1
16,"Dude, lowkey flexin’",lowkey flexin,lowkey flexin,is_multiword,1,1|2,0.4285714285714285,0,7.034127306938172,1,0.1683253844579061,0,0
16,"Dude, lowkey flexin’",Dude,dude,is_single_word,0,,0.0,0,5.810210466384888,1,0.7063104519620538,1,1
16,"Dude, lowkey flexin’",flexin,flexin,is_single_word,2,,0.4285714285714285,1,4.971279581387837,0,0.1587478518486023,1,1
16,"Dude, lowkey flexin’",lowkey,lowkey,is_single_word,1,,0.4285714285714285,1,6.958069682121277,0,0.5289066036542256,1,1
17,"Bruh, big yikes",big,big,is_single_word,1,,0.0,0,0.0,0,0.0,0,0
17,"Bruh, big yikes",Bruh,bruh,is_single_word,0,,0.0,0,7.1523038148880005,1,0.7313896439348657,1,1
17,"Bruh, big yikes",yikes,yikes,is_single_word,2,,0.0,0,9.777679443359377,1,0.205371081829071,1,1
18,"Homie, skibidi outta here, sigma style",here,here,is_single_word,3,,0.0,0,0.0,0,0.0,0,0
18,"Homie, skibidi outta here, sigma style",Homie,homie,is_single_word,0,,0.0,0,6.613576889038086,1,0.4440608421961466,1,1
18,"Homie, skibidi outta here, sigma style",outta,outta,is_single_word,2,,0.0,0,4.939227819442749,1,0.5720578655600548,1,0
18,"Homie, skibidi outta here, sigma style",sigma,sigma,is_single_word,4,,0.0,0,0.0,0,0.0,0,0
18,"Homie, skibidi outta here, sigma style",skibidi,skibidi,is_single_word,1,,0.0,0,0.0,0,0.0,0,0
18,"Homie, skibidi outta here, sigma style",style,style,is_single_word,5,,0.0,0,0.0,0,0.0,0,0
19,"Mate, this vibe is straight mid",straight mid,straight mid,is_multiword,4,4|5,0.0,0,6.01346218585968,0,0.816424480949839,1,0
19,"Mate, this vibe is straight mid",is,is,is_single_word,3,,0.0,0,0.0,0,0.0,0,0
19,"Mate, this vibe is straight mid",Mate,mate,is_single_word,0,,0.0,0,8.78070855140686,1,0.4058451851209005,1,1
19,"Mate, this vibe is straight mid",mid,mid,is_single_word,5,,0.0,0,12.63193941116333,1,0.6550736837089062,0,1
19,"Mate, this vibe is straight mid",straight,straight,is_single_word,4,,0.0,0,7.550541043281555,1,0.7442986300836008,0,0
19,"Mate, this vibe is straight mid",this,this,is_single_word,1,,0.0,0,0.0,0,0.0,0,0
19,"Mate, this vibe is straight mid",vibe,vibe,is_single_word,2,,0.0,0,6.269302308559418,1,0.2830699880917867,1,0
1,"Homie, this vibe is straight mid",straight mid,straight mid,is_multiword,4,4|5,0.0,0,7.213031768798828,0,0.8448400984828671,1,0
1,"Homie, this vibe is straight mid",Homie,homie,is_single_word,0,,0.0,0,12.57915723323822,1,0.2699407935142517,1,1
1,"Homie, this vibe is straight mid",is,is,is_single_word,3,,0.0,0,0.0,0,0.0,0,0
1,"Homie, this vibe is straight mid",mid,mid,is_single_word,5,,0.0,0,12.734294891357422,1,0.7078100871294737,0,1
1,"Homie, this vibe is straight mid",straight,straight,is_single_word,4,,0.0,0,8.57663369178772,1,0.808044720441103,0,0
1,"Homie, this vibe is straight mid",this,this,is_single_word,1,,0.0,0,0.0,0,0.0,0,0
1,"Homie, this vibe is straight mid",vibe,vibe,is_single_word,2,,0.0,0,7.886289477348328,1,0.2778202493985494,1,0
20,"Mate, big yikes",big,big,is_single_word,1,,0.0,0,0.0,0,0.0,0,0
20,"Mate, big yikes",Mate,mate,is_single_word,0,,0.0,0,8.21393609046936,1,0.2462942600250244,1,1
20,"Mate, big yikes",yikes,yikes,is_single_word,2,,0.0,0,9.397380113601685,1,0.2121312618255615,1,1
21,"Bro, this vibe is straight mid",Bro,bro,is_single_word,0,,0.0,0,10.519924402236938,1,0.0696777502695719,0,1
21,"Bro, this vibe is straight mid",is,is,is_single_word,3,,0.0,0,0.0,0,0.0,0,0
21,"Bro, this vibe is straight mid",mid,mid,is_single_word,5,,0.0,0,12.359852075576782,1,0.6175393797457218,1,1
21,"Bro, this vibe is straight mid",straight,straight,is_single_word,4,,0.0,0,0.0,0,0.0,0,0
21,"Bro, this vibe is straight mid",this,this,is_single_word,1,,0.0,0,0.0,0,0.0,0,0
21,"Bro, this vibe is straight mid",vibe,vibe,is_single_word,2,,0.0,0,6.814773678779602,1,0.4091004530588785,1,0
22,"Fam, pull up or stay sus",Fam,fam,is_single_word,0,,0.0,0,0.0,0,0.0,0,1
22,"Fam, pull up or stay sus",or,or,is_single_word,3,,0.0,0,0.0,0,0.0,0,0
22,"Fam, pull up or stay sus",pull,pull,is_single_word,1,,0.0,0,0.0,0,0.0,0,0
22,"Fam, pull up or stay sus",stay,stay,is_single_word,4,,0.0,0,0.0,0,0.0,0,0
22,"Fam, pull up or stay sus",sus,sus,is_single_word,5,,0.0,0,12.978530645370483,1,0.2186197241147359,1,1
22,"Fam, pull up or stay sus",up,up,is_single_word,2,,0.0,0,0.0,0,0.0,0,0
23,"Yo, this vibe is straight mid",straight mid,straight mid,is_multiword,4,4|5,0.0,0,6.135371804237366,0,0.9785497036452094,1,0
23,"Yo, this vibe is straight mid",is,is,is_single_word,3,,0.0,0,0.0,0,0.0,0,0
23,"Yo, this vibe is straight mid",mid,mid,is_single_word,5,,0.0,0,12.181015253067017,1,0.8176510538905859,0,1
23,"Yo, this vibe is straight mid",straight,straight,is_single_word,4,,0.0,0,7.449375510215759,1,0.6030924903849761,0,0
23,"Yo, this vibe is straight mid",this,this,is_single_word,1,,0.0,0,0.0,0,0.0,0,0
23,"Yo, this vibe is straight mid",vibe,vibe,is_single_word,2,,0.0,0,6.250614047050476,1,0.2831404407819112,1,0
23,"Yo, this vibe is straight mid",Yo,yo,is_single_word,0,,0.0,0,11.208160638809204,1,0.2135823766390482,1,1
24,"Mate, lowkey flexin’",lowkey flexin,lowkey flexin,is_multiword,1,1|2,0.4285714285714285,0,7.471342122554779,0,0.1606909036636352,0,0
24,"Mate, lowkey flexin’",flexin,flexin,is_single_word,2,,0.4285714285714285,1,5.191871603329976,1,0.1701527237892151,1,1
24,"Mate, lowkey flexin’",lowkey,lowkey,is_single_word,1,,0.4285714285714285,1,7.91589891910553,1,0.3950041135152181,1,1
24,"Mate, lowkey flexin’",Mate,mate,is_single_word,0,,0.0,0,7.806911468505859,1,0.2728026906649271,1,1
25,"Sis, big yikes",big yikes,big yikes,is_multiword,1,1|2,0.0,0,7.775272965431213,0,0.2199811935424804,0,0
25,"Sis, big yikes",big,big,is_single_word,1,,0.0,0,7.335781097412109,1,0.7188589743648965,1,0
25,"Sis, big yikes",Sis,sis,is_single_word,0,,0.0,0,3.7198582887649536,1,0.1311293443044027,1,1
25,"Sis, big yikes",yikes,yikes,is_single_word,2,,0.0,0,10.15902614593506,1,0.4929327368736267,1,1
26,"Bruh, skibidi outta here, sigma style",Bruh,bruh,is_single_word,0,,0.0,0,5.511592626571655,1,0.711856020304064,1,1
26,"Bruh, skibidi outta here, sigma style",here,here,is_single_word,3,,0.0,0,0.0,0,0.0,0,0
26,"Bruh, skibidi outta here, sigma style",outta,outta,is_single_word,2,,0.0,0,0.0,0,0.0,0,0
26,"Bruh, skibidi outta here, sigma style",sigma,sigma,is_single_word,4,,0.0,0,0.0,0,0.0,0,0
26,"Bruh, skibidi outta here, sigma style",skibidi,skibidi,is_single_word,1,,0.4285714285714285,1,5.741046905517578,1,0.753831485286355,1,0
26,"Bruh, skibidi outta here, sigma style",style,style,is_single_word,5,,0.0,0,0.0,0,0.0,0,0
27,"Homie, big yikes",big,big,is_single_word,1,,0.0,0,0.0,0,0.0,0,0
27,"Homie, big yikes",Homie,homie,is_single_word,0,,0.0,0,7.770807385444641,1,0.4252715905507406,1,1
27,"Homie, big yikes",yikes,yikes,is_single_word,2,,0.0,0,9.32874310016632,1,0.3982466558615366,1,1
28,"Fam, lowkey flexin’",lowkey flexin,lowkey flexin,is_multiword,1,1|2,0.4285714285714285,0,7.129901051521301,0,0.1492758989334106,0,0
28,"Fam, lowkey flexin’",Fam,fam,is_single_word,0,,0.0,0,8.594867706298828,1,0.5416959722836812,1,1
28,"Fam, lowkey flexin’",flexin,flexin,is_single_word,2,,0.4285714285714285,1,5.053969581921895,1,0.1868392427762349,1,1
28,"Fam, lowkey flexin’",lowkey,lowkey,is_single_word,1,,0.4285714285714285,1,7.24466872215271,1,0.495782603820165,1,1
29,"Yo, pull up or stay sus",pull up,pull up,is_multiword,1,1|2,0.0,0,3.2357177734375,0,0.5832447707653046,0,0
29,"Yo, pull up or stay sus",or,or,is_single_word,3,,0.0,0,0.0,0,0.0,0,0
29,"Yo, pull up or stay sus",pull,pull,is_single_word,1,,0.0,0,5.296604037284851,1,0.8106261920183897,1,0
29,"Yo, pull up or stay sus",stay,stay,is_single_word,4,,0.0,0,0.0,0,0.0,0,0
29,"Yo, pull up or stay sus",sus,sus,is_single_word,5,,0.0,0,13.669326812028885,1,0.2359645764032999,1,1
29,"Yo, pull up or stay sus",up,up,is_single_word,2,,0.0,0,0.0,1,0.7552374011526505,1,0
29,"Yo, pull up or stay sus",Yo,yo,is_single_word,0,,0.0,0,12.216678380966188,1,0.6481142888466518,1,1
2,"Bro, you ghosted again",again,again,is_single_word,3,,0.0,0,0.0,0,0.0,0,0
2,"Bro, you ghosted again",Bro,bro,is_single_word,0,,0.0,0,11.55944800376892,1,0.3455830911795298,1,1
2,"Bro, you ghosted again",ghosted,ghosted,is_single_word,2,,0.0,0,0.0,0,0.0,0,1
2,"Bro, you ghosted again",you,you,is_single_word,1,,0.0,0,6.538581609725952,1,0.6410106519858043,1,0
30,"Homie, touch some grass",grass,grass,is_single_word,3,,0.0,0,0.0,0,0.0,0,0
30,"Homie, touch some grass",Homie,homie,is_single_word,0,,0.0,0,12.355883061885834,1,0.2136629025141397,1,1
30,"Homie, touch some grass",some,some,is_single_word,2,,0.0,0,6.530811309814453,1,0.7292347550392151,1,0
30,"Homie, touch some grass",touch,touch,is_single_word,1,,0.0,0,0.0,0,0.0,0,0
31,"Bro, whole squad waitin’",squad waitin,squad waitin,is_multiword,2,2|3,0.0,0,5.942912071943283,0,0.2506420214970907,0,0
31,"Bro, whole squad waitin’",Bro,bro,is_single_word,0,,0.0,0,8.032764673233032,1,0.1804696520169576,1,1
31,"Bro, whole squad waitin’",squad,squad,is_single_word,2,,0.0,0,6.32082736492157,1,0.5069276988506317,1,0
31,"Bro, whole squad waitin’",waitin,waitin,is_single_word,3,,0.0,0,5.520828068256378,1,0.5498338453471661,1,1
31,"Bro, whole squad waitin’",whole,whole,is_single_word,1,,0.0,0,0.0,0,0.0,0,0
32,"Sis, stop cappin’, lowkey annoyed",annoyed,annoyed,is_single_word,4,,0.0,0,0.0,0,0.0,0,0
32,"Sis, stop cappin’, lowkey annoyed",cappin,cappin,is_single_word,2,,0.4285714285714285,1,6.827824831008911,1,0.7353063126405079,1,1
32,"Sis, stop cappin’, lowkey annoyed",lowkey,lowkey,is_single_word,3,,0.4285714285714285,1,8.1590536236763,1,0.4698662757873535,1,1
32,"Sis, stop cappin’, lowkey annoyed",Sis,sis,is_single_word,0,,0.0,0,3.738496482372284,1,0.3297853867212931,1,1
32,"Sis, stop cappin’, lowkey annoyed",stop,stop,is_single_word,1,,0.0,0,0.0,0,0.0,0,0
33,"Fam, whole squad waitin’",squad waitin,squad waitin,is_multiword,2,2|3,0.0,0,6.5380566120147705,1,0.2659441630045572,0,0
33,"Fam, whole squad waitin’",Fam,fam,is_single_word,0,,0.0,0,0.0,0,0.0,0,1
33,"Fam, whole squad waitin’",squad,squad,is_single_word,2,,0.0,0,6.31169331073761,0,0.5974087715148926,1,0
33,"Fam, whole squad waitin’",waitin,waitin,is_single_word,3,,0.0,0,6.024180173873901,0,0.3506813645362854,1,1
33,"Fam, whole squad waitin’",whole,whole,is_single_word,1,,0.0,0,0.0,0,0.0,0,0
34,"Bro, stop cappin’, lowkey annoyed",annoyed,annoyed,is_single_word,4,,0.0,0,0.0,0,0.0,0,0
34,"Bro, stop cappin’, lowkey annoyed",Bro,bro,is_single_word,0,,0.0,0,8.073791980743408,1,0.3630051612854004,1,1
34,"Bro, stop cappin’, lowkey annoyed",cappin,cappin,is_single_word,2,,0.4285714285714285,1,5.970568418502808,1,0.5651655048131943,1,1
34,"Bro, stop cappin’, lowkey annoyed",lowkey,lowkey,is_single_word,3,,0.4285714285714285,1,7.827468872070312,1,0.4698662757873535,1,1
34,"Bro, stop cappin’, lowkey annoyed",stop,stop,is_single_word,1,,0.0,0,0.0,0,0.0,0,0
35,"Sis, whole squad waitin’",squad waitin,squad waitin,is_multiword,2,2|3,0.0,0,6.24215093255043,0,0.2776040633519491,0,0
35,"Sis, whole squad waitin’",Sis,sis,is_single_word,0,,0.0,0,4.091884613037109,1,0.318543791770935,1,1
35,"Sis, whole squad waitin’",squad,squad,is_single_word,2,,0.0,0,7.379764556884766,1,0.5853053977092106,1,0
35,"Sis, whole squad waitin’",waitin,waitin,is_single_word,3,,0.0,0,6.159340262413025,1,0.4630242586135864,1,1
35,"Sis, whole squad waitin’",whole,whole,is_single_word,1,,0.0,0,0.0,0,0.0,0,0
36,"Dude, whole squad waitin’",squad waitin,squad waitin,is_multiword,2,2|3,0.0,0,6.356474369764328,0,0.1982604265213012,0,0
36,"Dude, whole squad waitin’",Dude,dude,is_single_word,0,,0.0,0,4.086444854736328,1,0.6682265844816964,1,1
36,"Dude, whole squad waitin’",squad,squad,is_single_word,2,,0.0,0,7.175907015800476,1,0.4223828415075937,1,0
36,"Dude, whole squad waitin’",waitin,waitin,is_single_word,3,,0.0,0,6.591556787490845,1,0.7551227882504463,1,1
36,"Dude, whole squad waitin’",whole,whole,is_single_word,1,,0.0,0,0.0,0,0.0,0,0
37,"Yo, touch some grass",grass,grass,is_single_word,3,,0.0,0,0.0,0,0.0,0,0
37,"Yo, touch some grass",some,some,is_single_word,2,,0.0,0,0.0,0,0.0,0,0
37,"Yo, touch some grass",touch,touch,is_single_word,1,,0.0,0,0.0,0,0.0,0,0
37,"Yo, touch some grass",Yo,yo,is_single_word,0,,0.0,0,8.322121143341064,1,0.4817119538784027,1,1
38,"Mate, skibidi outta here, sigma style",here,here,is_single_word,3,,0.0,0,0.0,0,0.0,0,0
38,"Mate, skibidi outta here, sigma style",Mate,mate,is_single_word,0,,0.0,0,9.081535339355469,1,0.4668781956036886,1,1
38,"Mate, skibidi outta here, sigma style",outta,outta,is_single_word,2,,0.0,0,0.0,0,0.0,0,0
38,"Mate, skibidi outta here, sigma style",sigma,sigma,is_single_word,4,,0.0,0,0.0,0,0.0,0,0
38,"Mate, skibidi outta here, sigma style",skibidi,skibidi,is_single_word,1,,0.4285714285714285,1,5.773485024770101,1,0.7061807215213776,1,0
38,"Mate, skibidi outta here, sigma style",style,style,is_single_word,5,,0.0,0,0.0,0,0.0,0,0
39,"Dude, this vibe is straight mid",straight mid,straight mid,is_multiword,4,4|5,0.0,0,7.196085214614868,0,0.8791992925107479,1,0
39,"Dude, this vibe is straight mid",Dude,dude,is_single_word,0,,0.0,0,0.0,0,0.0,0,1
39,"Dude, this vibe is straight mid",is,is,is_single_word,3,,0.0,0,0.0,0,0.0,0,0
39,"Dude, this vibe is straight mid",mid,mid,is_single_word,5,,0.0,0,13.50353980064392,1,0.7689624316990376,0,1
39,"Dude, this vibe is straight mid",straight,straight,is_single_word,4,,0.0,0,7.839393854141235,1,0.6359558428327243,0,0
39,"Dude, this vibe is straight mid",this,this,is_single_word,1,,0.0,0,0.0,0,0.0,0,0
39,"Dude, this vibe is straight mid",vibe,vibe,is_single_word,2,,0.0,0,6.438157618045807,1,0.3043234944343567,1,0
3,"Homie, pull up or stay sus",pull up,pull up,is_multiword,1,1|2,0.0,0,5.111236810684204,0,0.7176753835131724,0,0
3,"Homie, pull up or stay sus",Homie,homie,is_single_word,0,,0.0,0,10.537477493286133,1,0.4075188537438711,1,1
3,"Homie, pull up or stay sus",or,or,is_single_word,3,,0.0,0,0.0,0,0.0,0,0
3,"Homie, pull up or stay sus",pull,pull,is_single_word,1,,0.0,0,5.705482482910156,1,0.686510403951009,1,0
3,"Homie, pull up or stay sus",stay,stay,is_single_word,4,,0.0,0,0.0,0,0.0,0,0
3,"Homie, pull up or stay sus",sus,sus,is_single_word,5,,0.0,0,14.612697690725328,1,0.3508363167444864,1,1
3,"Homie, pull up or stay sus",up,up,is_single_word,2,,0.0,0,0.6716917753219604,1,0.7678926506390175,1,0
40,"Dude, skibidi outta here, sigma style",Dude,dude,is_single_word,0,,0.0,0,2.8697986602783203,1,0.3674764633178711,1,1
40,"Dude, skibidi outta here, sigma style",here,here,is_single_word,3,,0.0,0,0.0,0,0.0,0,0
40,"Dude, skibidi outta here, sigma style",outta,outta,is_single_word,2,,0.0,0,7.0120697021484375,1,0.6233242290715377,1,0
40,"Dude, skibidi outta here, sigma style",sigma,sigma,is_single_word,4,,0.0,0,0.0,0,0.0,0,0
40,"Dude, skibidi outta here, sigma style",skibidi,skibidi,is_single_word,1,,0.0,0,0.0,0,0.0,0,0
40,"Dude, skibidi outta here, sigma style",style,style,is_single_word,5,,0.0,0,0.0,0,0.0,0,0
41,"Sis, pull up or stay sus",or,or,is_single_word,3,,0.0,0,0.0,0,0.0,0,0
41,"Sis, pull up or stay sus",pull,pull,is_single_word,1,,0.0,0,0.0,0,0.0,0,0
41,"Sis, pull up or stay sus",Sis,sis,is_single_word,0,,0.0,0,5.561935424804688,1,0.4062869151433309,1,1
41,"Sis, pull up or stay sus",stay,stay,is_single_word,4,,0.0,0,0.0,0,0.0,0,0
41,"Sis, pull up or stay sus",sus,sus,is_single_word,5,,0.0,0,14.522526055574415,1,0.7124361908063293,1,1
41,"Sis, pull up or stay sus",up,up,is_single_word,2,,0.0,0,0.0,0,0.0,0,0
42,"Bro, big yikes",big,big,is_single_word,1,,0.0,0,0.0,0,0.0,0,0
42,"Bro, big yikes",Bro,bro,is_single_word,0,,0.0,0,7.027191400527954,1,0.4448611736297607,1,1
42,"Bro, big yikes",yikes,yikes,is_single_word,2,,0.0,0,8.610386967658997,1,0.3043600519498189,1,1
43,"Bro, touch some grass",Bro,bro,is_single_word,0,,0.0,0,10.57117509841919,1,0.3360431591669718,1,1
43,"Bro, touch some grass",grass,grass,is_single_word,3,,0.0,0,0.0,0,0.0,0,0
43,"Bro, touch some grass",some,some,is_single_word,2,,0.0,0,0.0,0,0.0,0,0
43,"Bro, touch some grass",touch,touch,is_single_word,1,,0.0,0,0.0,0,0.0,0,0
44,"Fam, this vibe is straight mid",straight mid,straight mid,is_multiword,4,4|5,0.0,0,7.013540625572205,0,0.8858173831055561,1,0
44,"Fam, this vibe is straight mid",Fam,fam,is_single_word,0,,0.0,0,0.0,0,0.0,0,1
44,"Fam, this vibe is straight mid",is,is,is_single_word,3,,0.0,0,0.0,0,0.0,0,0
44,"Fam, this vibe is straight mid",mid,mid,is_single_word,5,,0.0,0,12.81057357788086,1,0.6920964860667784,0,1
44,"Fam, this vibe is straight mid",straight,straight,is_single_word,4,,0.0,0,8.714492440223694,1,0.6832266114652157,0,0
44,"Fam, this vibe is straight mid",this,this,is_single_word,1,,0.0,0,0.0,0,0.0,0,0
44,"Fam, this vibe is straight mid",vibe,vibe,is_single_word,2,,0.0,0,6.054344415664673,1,0.2562121550242106,1,0
45,"Bruh, pull up or stay sus",Bruh,bruh,is_single_word,0,,0.0,0,9.786576271057127,1,0.7574923187494278,1,1
45,"Bruh, pull up or stay sus",or,or,is_single_word,3,,0.0,0,0.0,0,0.0,0,0
45,"Bruh, pull up or stay sus",pull,pull,is_single_word,1,,0.0,0,4.096000671386719,1,0.6014628484845161,1,0
45,"Bruh, pull up or stay sus",stay,stay,is_single_word,4,,0.0,0,0.0,0,0.0,0,0
45,"Bruh, pull up or stay sus",sus,sus,is_single_word,5,,0.0,0,14.31815291941166,1,0.3029322226842245,1,1
45,"Bruh, pull up or stay sus",up,up,is_single_word,2,,0.0,0,0.0,0,0.0,0,0
46,"Sis, you ghosted again",again,again,is_single_word,3,,0.0,0,0.0,0,0.0,0,0
46,"Sis, you ghosted again",ghosted,ghosted,is_single_word,2,,0.4285714285714285,1,9.996072351932526,1,0.1686956485112508,1,1
46,"Sis, you ghosted again",Sis,sis,is_single_word,0,,0.0,0,4.536170959472656,1,0.4804537892341614,1,1
46,"Sis, you ghosted again",you,you,is_single_word,1,,0.0,0,0.0,0,0.0,0,0
47,"Dude, IRL you fold faster than a Walmart chair",a,a,is_single_word,6,,0.0,0,0.0,0,0.0,0,0
47,"Dude, IRL you fold faster than a Walmart chair",chair,chair,is_single_word,8,,0.0,0,0.0,0,0.0,0,0
47,"Dude, IRL you fold faster than a Walmart chair",Dude,dude,is_single_word,0,,0.0,0,7.32358717918396,1,0.1570671200752258,1,1
47,"Dude, IRL you fold faster than a Walmart chair",faster,faster,is_single_word,4,,0.0,0,0.0,0,0.0,0,0
47,"Dude, IRL you fold faster than a Walmart chair",fold,fold,is_single_word,3,,0.0,0,0.0,0,0.0,0,1
47,"Dude, IRL you fold faster than a Walmart chair",IRL,irl,is_single_word,1,,0.2857142857142857,1,8.8843232691288,1,0.2841676870981852,1,1
47,"Dude, IRL you fold faster than a Walmart chair",than,than,is_single_word,5,,0.0,0,0.0,0,0.0,0,0
47,"Dude, IRL you fold faster than a Walmart chair",Walmart,walmart,is_single_word,7,,0.0,0,0.0,0,0.0,0,0
47,"Dude, IRL you fold faster than a Walmart chair",you,you,is_single_word,2,,0.0,0,0.0,0,0.0,0,0
48,"Homie, whole squad waitin’",squad waitin,squad waitin,is_multiword,2,2|3,0.0,0,6.223863154649735,0,0.2179469466209411,0,0
48,"Homie, whole squad waitin’",Homie,homie,is_single_word,0,,0.0,0,8.945914268493652,1,0.2895857493082682,1,1
48,"Homie, whole squad waitin’",squad,squad,is_single_word,2,,0.0,0,6.362443685531616,1,0.2909313837687174,1,0
48,"Homie, whole squad waitin’",waitin,waitin,is_single_word,3,,0.0,0,5.769900918006897,1,0.2530847191810608,1,1
48,"Homie, whole squad waitin’",whole,whole,is_single_word,1,,0.0,0,0.0,0,0.0,0,0
49,"Sis, lowkey flexin’",lowkey flexin,lowkey flexin,is_multiword,1,1|2,0.4285714285714285,0,7.895746469497681,0,0.1778575181961059,0,0
49,"Sis, lowkey flexin’",flexin,flexin,is_single_word,2,,0.4285714285714285,1,6.393932342529297,1,0.25425652662913,1,1
49,"Sis, lowkey flexin’",lowkey,lowkey,is_single_word,1,,0.4285714285714285,1,8.355115830898285,1,0.4957826236883799,1,1
49,"Sis, lowkey flexin’",Sis,sis,is_single_word,0,,0.0,0,4.211146593093872,1,0.2967504262924194,1,1
4,"Bro, skibidi outta here, sigma style",Bro,bro,is_single_word,0,,0.0,0,6.530422210693359,1,0.3693396051724752,1,1
4,"Bro, skibidi outta here, sigma style",here,here,is_single_word,3,,0.0,0,0.0,0,0.0,0,0
4,"Bro, skibidi outta here, sigma style",outta,outta,is_single_word,2,,0.0,0,0.0,0,0.0,0,0
4,"Bro, skibidi outta here, sigma style",sigma,sigma,is_single_word,4,,0.0,0,0.0,0,0.0,0,0
4,"Bro, skibidi outta here, sigma style",skibidi,skibidi,is_single_word,1,,0.4285714285714285,1,6.315938154856364,1,0.7615499394014478,1,0
4,"Bro, skibidi outta here, sigma style",style,style,is_single_word,5,,0.0,0,0.0,0,0.0,0,0
50,"Fam, you ghosted again",again,again,is_single_word,3,,0.0,0,0.0,0,0.0,0,0
50,"Fam, you ghosted again",Fam,fam,is_single_word,0,,0.0,0,0.0,0,0.0,0,1
50,"Fam, you ghosted again",ghosted,ghosted,is_single_word,2,,0.4285714285714285,1,10.778052866458893,1,0.2120006084442138,1,1
50,"Fam, you ghosted again",you,you,is_single_word,1,,0.0,0,0.0,0,0.0,0,0
51,"Mate, stop cappin’, lowkey annoyed",annoyed,annoyed,is_single_word,4,,0.0,0,0.0,0,0.0,0,0
51,"Mate, stop cappin’, lowkey annoyed",cappin,cappin,is_single_word,2,,0.4285714285714285,1,6.517750422159831,1,0.685390801479419,1,1
51,"Mate, stop cappin’, lowkey annoyed",lowkey,lowkey,is_single_word,3,,0.4285714285714285,1,8.784337759017944,1,0.6355561142166455,1,1
51,"Mate, stop cappin’, lowkey annoyed",Mate,mate,is_single_word,0,,0.0,0,10.106850147247314,1,0.5193309386571248,1,1
51,"Mate, stop cappin’, lowkey annoyed",stop,stop,is_single_word,1,,0.0,0,0.0,0,0.0,0,0
52,"Dude, stop cappin’, lowkey annoyed",annoyed,annoyed,is_single_word,4,,0.0,0,0.0,0,0.0,0,0
52,"Dude, stop cappin’, lowkey annoyed",cappin,cappin,is_single_word,2,,0.4285714285714285,1,5.991746346155803,1,0.5725163668394089,1,1
52,"Dude, stop cappin’, lowkey annoyed",Dude,dude,is_single_word,0,,0.0,0,6.79912942647934,1,0.3719403445720672,1,1
52,"Dude, stop cappin’, lowkey annoyed",lowkey,lowkey,is_single_word,3,,0.4285714285714285,1,8.319423735141754,1,0.5000308851401012,1,1
52,"Dude, stop cappin’, lowkey annoyed",stop,stop,is_single_word,1,,0.0,0,0.0,0,0.0,0,0
53,"Yo, big yikes",big,big,is_single_word,1,,0.0,0,0.0,0,0.0,0,0
53,"Yo, big yikes",yikes,yikes,is_single_word,2,,0.0,0,9.078842103481293,1,0.3170921405156454,1,1
53,"Yo, big yikes",Yo,yo,is_single_word,0,,0.0,0,6.388893365859985,1,0.5993416501830022,1,1
54,"Fam, touch some grass",Fam,fam,is_single_word,0,,0.0,0,0.0,0,0.0,0,1
54,"Fam, touch some grass",grass,grass,is_single_word,3,,0.0,0,0.0,0,0.0,0,0
54,"Fam, touch some grass",some,some,is_single_word,2,,0.0,0,0.0,0,0.0,0,0
54,"Fam, touch some grass",touch,touch,is_single_word,1,,0.0,0,0.0,0,0.0,0,0
55,"Yo, skibidi outta here, sigma style",here,here,is_single_word,3,,0.0,0,0.0,0,0.0,0,0
55,"Yo, skibidi outta here, sigma style",outta,outta,is_single_word,2,,0.0,0,0.0,0,0.0,0,0
55,"Yo, skibidi outta here, sigma style",sigma,sigma,is_single_word,4,,0.0,0,0.0,0,0.0,0,0
55,"Yo, skibidi outta here, sigma style",skibidi,skibidi,is_single_word,1,,0.4285714285714285,1,5.399366617202759,1,0.9553706021979452,1,0
55,"Yo, skibidi outta here, sigma style",style,style,is_single_word,5,,0.0,0,0.0,0,0.0,0,0
55,"Yo, skibidi outta here, sigma style",Yo,yo,is_single_word,0,,0.0,0,6.0377197265625,1,0.4033709665139516,1,1
56,"Bruh, whole squad waitin’",squad waitin,squad waitin,is_multiword,2,2|3,0.0,0,6.532845556735992,0,0.2976688345273336,0,0
56,"Bruh, whole squad waitin’",Bruh,bruh,is_single_word,0,,0.0,0,6.765200614929199,1,0.9375594835728408,1,1
56,"Bruh, whole squad waitin’",squad,squad,is_single_word,2,,0.0,0,6.703292846679688,1,0.3526642421881357,1,0
56,"Bruh, whole squad waitin’",waitin,waitin,is_single_word,3,,0.0,0,5.619309186935425,1,0.4817148049672445,1,1
56,"Bruh, whole squad waitin’",whole,whole,is_single_word,1,,0.0,0,0.0,0,0.0,0,0
57,"Yo, whole squad waitin’",squad waitin,squad waitin,is_multiword,2,2|3,0.0,0,5.580103874206543,0,0.2108157475789388,0,0
57,"Yo, whole squad waitin’",squad,squad,is_single_word,2,,0.0,0,7.277233123779297,1,0.3675489525000254,1,0
57,"Yo, whole squad waitin’",waitin,waitin,is_single_word,3,,0.0,0,5.721439599990845,1,0.2782313028971354,1,1
57,"Yo, whole squad waitin’",whole,whole,is_single_word,1,,0.0,0,0.0,0,0.0,0,0
57,"Yo, whole squad waitin’",Yo,yo,is_single_word,0,,0.0,0,9.720516443252563,1,0.7598538200060526,1,1
58,"Mate, you ghosted again",again,again,is_single_word,3,,0.0,0,0.0,0,0.0,0,0
58,"Mate, you ghosted again",ghosted,ghosted,is_single_word,2,,0.4285714285714285,1,11.357634603977203,1,0.2558810909589132,1,1
58,"Mate, you ghosted again",Mate,mate,is_single_word,0,,0.0,0,11.099395513534546,1,0.2342556516329447,1,1
58,"Mate, you ghosted again",you,you,is_single_word,1,,0.0,0,0.0,0,0.0,0,0
59,"Sis, IRL you fold faster than a Walmart chair",a,a,is_single_word,6,,0.0,0,0.0,0,0.0,0,0
59,"Sis, IRL you fold faster than a Walmart chair",chair,chair,is_single_word,8,,0.0,0,0.0,0,0.0,0,0
59,"Sis, IRL you fold faster than a Walmart chair",faster,faster,is_single_word,4,,0.0,0,0.0,0,0.0,0,0
59,"Sis, IRL you fold faster than a Walmart chair",fold,fold,is_single_word,3,,0.0,0,0.0,0,0.0,0,1
59,"Sis, IRL you fold faster than a Walmart chair",IRL,irl,is_single_word,1,,0.0,0,0.0,0,0.0,0,1
59,"Sis, IRL you fold faster than a Walmart chair",Sis,sis,is_single_word,0,,0.0,0,4.810300707817078,1,0.4373788237571716,1,1
59,"Sis, IRL you fold faster than a Walmart chair",than,than,is_single_word,5,,0.0,0,0.0,0,0.0,0,0
59,"Sis, IRL you fold faster than a Walmart chair",Walmart,walmart,is_single_word,7,,0.0,0,0.0,0,0.0,0,0
59,"Sis, IRL you fold faster than a Walmart chair",you,you,is_single_word,2,,0.0,0,0.0,0,0.0,0,0
5,"Bro, lowkey flexin’",lowkey flexin,lowkey flexin,is_multiword,1,1|2,0.4285714285714285,0,6.556410098075867,0,0.181772251923879,0,0
5,"Bro, lowkey flexin’",Bro,bro,is_single_word,0,,0.0,0,7.444328308105469,1,0.3802815874417623,1,1
5,"Bro, lowkey flexin’",flexin,flexin,is_single_word,2,,0.4285714285714285,1,4.998167196909587,1,0.1912503043810526,1,1
5,"Bro, lowkey flexin’",lowkey,lowkey,is_single_word,1,,0.4285714285714285,1,8.840899169445038,1,0.5132528642813365,1,1
60,"Dude, touch some grass",Dude,dude,is_single_word,0,,0.0,0,8.147982060909271,1,0.2536135117212931,1,1
60,"Dude, touch some grass",grass,grass,is_single_word,3,,0.0,0,0.0,0,0.0,0,0
60,"Dude, touch some grass",some,some,is_single_word,2,,0.0,0,0.0,0,0.0,0,0
60,"Dude, touch some grass",touch,touch,is_single_word,1,,0.0,0,0.0,0,0.0,0,0
61,"Fam, big yikes",big,big,is_single_word,1,,0.0,0,0.0,0,0.0,0,0
61,"Fam, big yikes",Fam,fam,is_single_word,0,,0.0,0,8.370277643203735,1,0.5111529131730397,1,1
61,"Fam, big yikes",yikes,yikes,is_single_word,2,,0.0,0,7.134629011154175,1,0.2738066514333089,1,1
62,"Fam, IRL you fold faster than a Walmart chair",a,a,is_single_word,6,,0.0,0,0.0,0,0.0,0,0
62,"Fam, IRL you fold faster than a Walmart chair",chair,chair,is_single_word,8,,0.0,0,0.0,0,0.0,0,0
62,"Fam, IRL you fold faster than a Walmart chair",Fam,fam,is_single_word,0,,0.0,0,0.0,0,0.0,0,1
62,"Fam, IRL you fold faster than a Walmart chair",faster,faster,is_single_word,4,,0.0,0,0.0,0,0.0,0,0
62,"Fam, IRL you fold faster than a Walmart chair",fold,fold,is_single_word,3,,0.0,0,0.0,0,0.0,0,1
62,"Fam, IRL you fold faster than a Walmart chair",IRL,irl,is_single_word,1,,0.0,0,0.0,0,0.0,0,1
62,"Fam, IRL you fold faster than a Walmart chair",than,than,is_single_word,5,,0.0,0,0.0,0,0.0,0,0
62,"Fam, IRL you fold faster than a Walmart chair",Walmart,walmart,is_single_word,7,,0.0,0,0.0,0,0.0,0,0
62,"Fam, IRL you fold faster than a Walmart chair",you,you,is_single_word,2,,0.0,0,0.0,0,0.0,0,0
63,"Yo, stop cappin’, lowkey annoyed",annoyed,annoyed,is_single_word,4,,0.0,0,0.0,0,0.0,0,0
63,"Yo, stop cappin’, lowkey annoyed",cappin,cappin,is_single_word,2,,0.4285714285714285,1,5.686187823613484,1,0.6858105075856049,1,1
63,"Yo, stop cappin’, lowkey annoyed",lowkey,lowkey,is_single_word,3,,0.4285714285714285,1,7.936788320541382,1,0.4860746661822001,1,1
63,"Yo, stop cappin’, lowkey annoyed",stop,stop,is_single_word,1,,0.0,0,0.0,0,0.0,0,0
63,"Yo, stop cappin’, lowkey annoyed",Yo,yo,is_single_word,0,,0.0,0,6.544884204864502,1,0.3919369578361511,1,1
64,"Bruh, touch some grass",Bruh,bruh,is_single_word,0,,0.0,0,10.69362872838974,1,0.6656159746150176,1,1
64,"Bruh, touch some grass",grass,grass,is_single_word,3,,0.0,0,0.0,0,0.0,0,0
64,"Bruh, touch some grass",some,some,is_single_word,2,,0.0,0,6.004577875137329,1,0.7989867832511663,1,0
64,"Bruh, touch some grass",touch,touch,is_single_word,1,,0.0,0,0.0,0,0.0,0,0
65,"Homie, stop cappin’, lowkey annoyed",annoyed,annoyed,is_single_word,4,,0.0,0,0.0,0,0.0,0,0
65,"Homie, stop cappin’, lowkey annoyed",cappin,cappin,is_single_word,2,,0.4285714285714285,1,6.57499623298645,1,0.5535664856433868,1,1
65,"Homie, stop cappin’, lowkey annoyed",Homie,homie,is_single_word,0,,0.0,0,8.397979438304901,1,0.4075188239415487,1,1
65,"Homie, stop cappin’, lowkey annoyed",lowkey,lowkey,is_single_word,3,,0.4285714285714285,1,8.3714998960495,1,0.5525866746902466,1,1
65,"Homie, stop cappin’, lowkey annoyed",stop,stop,is_single_word,1,,0.0,0,0.0,0,0.0,0,0
66,"Homie, lowkey flexin’",lowkey flexin,lowkey flexin,is_multiword,1,1|2,0.4285714285714285,0,6.757208180427552,1,0.1269023617108663,0,0
66,"Homie, lowkey flexin’",flexin,flexin,is_single_word,2,,0.4285714285714285,1,5.701744079589844,0,0.187934418519338,1,1
66,"Homie, lowkey flexin’",Homie,homie,is_single_word,0,,0.0,0,6.726814270019531,1,0.1810368696848551,1,1
66,"Homie, lowkey flexin’",lowkey,lowkey,is_single_word,1,,0.4285714285714285,1,5.2405853271484375,0,0.495782603820165,1,1
67,"Dude, you ghosted again",again,again,is_single_word,3,,0.0,0,0.0,0,0.0,0,0
67,"Dude, you ghosted again",Dude,dude,is_single_word,0,,0.0,0,5.326604843139648,1,0.3364194134871164,1,1
67,"Dude, you ghosted again",ghosted,ghosted,is_single_word,2,,0.4285714285714285,1,9.357069075107574,1,0.232288916905721,1,1
67,"Dude, you ghosted again",you,you,is_single_word,1,,0.0,0,0.0,0,0.0,0,0
68,"Sis, skibidi outta here, sigma style",here,here,is_single_word,3,,0.0,0,0.0,0,0.0,0,0
68,"Sis, skibidi outta here, sigma style",outta,outta,is_single_word,2,,0.0,0,5.690712094306946,1,0.6240165705482166,1,0
68,"Sis, skibidi outta here, sigma style",sigma,sigma,is_single_word,4,,0.0,0,0.0,0,0.0,0,0
68,"Sis, skibidi outta here, sigma style",Sis,sis,is_single_word,0,,0.0,0,2.399221420288086,1,0.3144771854082743,1,1
68,"Sis, skibidi outta here, sigma style",skibidi,skibidi,is_single_word,1,,0.0,0,0.0,0,0.0,0,0
68,"Sis, skibidi outta here, sigma style",style,style,is_single_word,5,,0.0,0,0.0,0,0.0,0,0
69,"Fam, skibidi outta here, sigma style",Fam,fam,is_single_word,0,,0.0,0,0.0,0,0.0,0,1
69,"Fam, skibidi outta here, sigma style",here,here,is_single_word,3,,0.0,0,0.0,0,0.0,0,0
69,"Fam, skibidi outta here, sigma style",outta,outta,is_single_word,2,,0.0,0,0.0,0,0.0,0,0
69,"Fam, skibidi outta here, sigma style",sigma,sigma,is_single_word,4,,0.0,0,0.0,0,0.0,0,0
69,"Fam, skibidi outta here, sigma style",skibidi,skibidi,is_single_word,1,,0.0,0,0.0,0,0.0,0,0
69,"Fam, skibidi outta here, sigma style",style,style,is_single_word,5,,0.0,0,0.0,0,0.0,0,0
6,"Bro, pull up or stay sus",Bro,bro,is_single_word,0,,0.0,0,11.707053899765016,1,0.3458808461825052,1,1
6,"Bro, pull up or stay sus",or,or,is_single_word,3,,0.0,0,0.0,0,0.0,0,0
6,"Bro, pull up or stay sus",pull,pull,is_single_word,1,,0.0,0,0.0,0,0.0,0,0
6,"Bro, pull up or stay sus",stay,stay,is_single_word,4,,0.0,0,0.0,0,0.0,0,0
6,"Bro, pull up or stay sus",sus,sus,is_single_word,5,,0.0,0,12.828323483467102,1,0.3639749685923258,1,1
6,"Bro, pull up or stay sus",up,up,is_single_word,2,,0.0,0,0.0,0,0.0,0,0
70,"Bruh, this vibe is straight mid",straight mid,straight mid,is_multiword,4,4|5,0.0,0,6.658063769340515,0,0.7852173162003359,0,0
70,"Bruh, this vibe is straight mid",Bruh,bruh,is_single_word,0,,0.0,0,9.199296832084656,1,0.7811232140908638,1,1
70,"Bruh, this vibe is straight mid",is,is,is_single_word,3,,0.0,0,0.0,0,0.0,0,0
70,"Bruh, this vibe is straight mid",mid,mid,is_single_word,5,,0.0,0,12.706436157226562,1,0.6589274158080418,1,1
70,"Bruh, this vibe is straight mid",straight,straight,is_single_word,4,,0.0,0,7.784607410430908,1,0.95700238738209,1,0
70,"Bruh, this vibe is straight mid",this,this,is_single_word,1,,0.0,0,0.0,0,0.0,0,0
70,"Bruh, this vibe is straight mid",vibe,vibe,is_single_word,2,,0.0,0,7.075742840766907,1,0.4516542156537374,1,0
71,"Dude, pull up or stay sus",Dude,dude,is_single_word,0,,0.0,0,6.976551055908203,1,0.4443884491920471,1,1
71,"Dude, pull up or stay sus",or,or,is_single_word,3,,0.0,0,0.0,0,0.0,0,0
71,"Dude, pull up or stay sus",pull,pull,is_single_word,1,,0.0,0,4.503177762031555,1,0.6679665014768641,1,0
71,"Dude, pull up or stay sus",stay,stay,is_single_word,4,,0.0,0,0.0,0,0.0,0,0
71,"Dude, pull up or stay sus",sus,sus,is_single_word,5,,0.0,0,14.365546762943268,1,0.3807357350985209,1,1
71,"Dude, pull up or stay sus",up,up,is_single_word,2,,0.0,0,0.0,0,0.0,0,0
72,"Mate, touch some grass",touch some,touch some,is_multiword,1,1|2,0.0,0,6.6662023067474365,0,0.7715140441432595,0,0
72,"Mate, touch some grass",grass,grass,is_single_word,3,,0.0,0,0.0,0,0.0,0,0
72,"Mate, touch some grass",Mate,mate,is_single_word,0,,0.0,0,11.180809497833252,1,0.4583845237890879,1,1
72,"Mate, touch some grass",some,some,is_single_word,2,,0.0,0,6.020965576171875,1,0.6370544036229451,1,0
72,"Mate, touch some grass",touch,touch,is_single_word,1,,0.0,0,9.397578835487366,1,0.8419204835469524,1,0
73,"Homie, you ghosted again",again,again,is_single_word,3,,0.0,0,0.0,0,0.0,0,0
73,"Homie, you ghosted again",ghosted,ghosted,is_single_word,2,,0.4285714285714285,1,12.19376802444458,1,0.230056345462799,1,1
73,"Homie, you ghosted again",Homie,homie,is_single_word,0,,0.0,0,10.353723287582396,1,0.4111218651135763,1,1
73,"Homie, you ghosted again",you,you,is_single_word,1,,0.0,0,0.0,0,0.0,0,0
74,"Homie, IRL you fold faster than a Walmart chair",a,a,is_single_word,6,,0.0,0,0.0,0,0.0,0,0
74,"Homie, IRL you fold faster than a Walmart chair",chair,chair,is_single_word,8,,0.0,0,0.0,0,0.0,0,0
74,"Homie, IRL you fold faster than a Walmart chair",faster,faster,is_single_word,4,,0.0,0,0.0,0,0.0,0,0
74,"Homie, IRL you fold faster than a Walmart chair",fold,fold,is_single_word,3,,0.0,0,0.0,0,0.0,0,1
74,"Homie, IRL you fold faster than a Walmart chair",Homie,homie,is_single_word,0,,0.0,0,9.507480382919312,1,0.2128596305847168,1,1
74,"Homie, IRL you fold faster than a Walmart chair",IRL,irl,is_single_word,1,,0.0,0,0.0,0,0.0,0,1
74,"Homie, IRL you fold faster than a Walmart chair",than,than,is_single_word,5,,0.0,0,0.0,0,0.0,0,0
74,"Homie, IRL you fold faster than a Walmart chair",Walmart,walmart,is_single_word,7,,0.0,0,0.0,0,0.0,0,0
74,"Homie, IRL you fold faster than a Walmart chair",you,you,is_single_word,2,,0.0,0,0.0,0,0.0,0,0
75,"Sis, touch some grass",grass,grass,is_single_word,3,,0.0,0,4.540517866611481,1,0.3339529633522033,1,0
75,"Sis, touch some grass",Sis,sis,is_single_word,0,,0.0,0,5.507188975811005,1,0.4885948101679483,1,1
75,"Sis, touch some grass",some,some,is_single_word,2,,0.0,0,0.0,0,0.0,0,0
75,"Sis, touch some grass",touch,touch,is_single_word,1,,0.0,0,9.486740350723268,1,0.3924599687258402,1,0
76,"Yo, IRL you fold faster than a Walmart chair",a,a,is_single_word,6,,0.0,0,0.0,0,0.0,0,0
76,"Yo, IRL you fold faster than a Walmart chair",chair,chair,is_single_word,8,,0.0,0,0.0,0,0.0,0,0
76,"Yo, IRL you fold faster than a Walmart chair",faster,faster,is_single_word,4,,0.0,0,0.0,0,0.0,0,0
76,"Yo, IRL you fold faster than a Walmart chair",fold,fold,is_single_word,3,,0.0,0,0.0,0,0.0,0,1
76,"Yo, IRL you fold faster than a Walmart chair",IRL,irl,is_single_word,1,,0.0,0,0.0,0,0.0,0,1
76,"Yo, IRL you fold faster than a Walmart chair",than,than,is_single_word,5,,0.0,0,0.0,0,0.0,0,0
76,"Yo, IRL you fold faster than a Walmart chair",Walmart,walmart,is_single_word,7,,0.0,0,0.0,0,0.0,0,0
76,"Yo, IRL you fold faster than a Walmart chair",you,you,is_single_word,2,,0.0,0,0.0,0,0.0,0,0
76,"Yo, IRL you fold faster than a Walmart chair",Yo,yo,is_single_word,0,,0.0,0,8.263442993164062,1,0.5074221740166347,1,1
77,"Bruh, stop cappin’, lowkey annoyed",annoyed,annoyed,is_single_word,4,,0.0,0,0.0,0,0.0,0,0
77,"Bruh, stop cappin’, lowkey annoyed",Bruh,bruh,is_single_word,0,,0.0,0,6.857564628124237,1,0.6451943318049114,1,1
77,"Bruh, stop cappin’, lowkey annoyed",cappin,cappin,is_single_word,2,,0.4285714285714285,1,5.402755578358968,1,0.564722090959549,1,1
77,"Bruh, stop cappin’, lowkey annoyed",lowkey,lowkey,is_single_word,3,,0.4285714285714285,1,7.650230407714844,1,0.5169470012187958,1,1
77,"Bruh, stop cappin’, lowkey annoyed",stop,stop,is_single_word,1,,0.0,0,0.0,0,0.0,0,0
78,"Mate, whole squad waitin’",squad waitin,squad waitin,is_multiword,2,2|3,0.0,0,6.251205027103424,0,0.2838649948438009,0,0
78,"Mate, whole squad waitin’",Mate,mate,is_single_word,0,,0.0,0,10.735866785049438,1,0.3246918519337972,1,1
78,"Mate, whole squad waitin’",squad,squad,is_single_word,2,,0.0,0,5.901323318481445,1,0.4351832270622253,1,0
78,"Mate, whole squad waitin’",waitin,waitin,is_single_word,3,,0.0,0,7.180466651916504,1,0.3996723592281341,1,1
78,"Mate, whole squad waitin’",whole,whole,is_single_word,1,,0.0,0,0.0,0,0.0,0,0
79,"Dude, big yikes",big yikes,big yikes,is_multiword,1,1|2,0.0,0,7.554925322532654,0,0.3409716884295145,0,0
79,"Dude, big yikes",big,big,is_single_word,1,,0.0,0,7.133415102958679,1,0.5805215835571289,1,0
79,"Dude, big yikes",Dude,dude,is_single_word,0,,0.0,0,6.0751649141311646,1,0.6881154005726178,1,1
79,"Dude, big yikes",yikes,yikes,is_single_word,2,,0.0,0,9.981437623500824,1,0.3043600519498189,1,1
7,"Yo, you ghosted again",again,again,is_single_word,3,,0.0,0,0.0,0,0.0,0,0
7,"Yo, you ghosted again",ghosted,ghosted,is_single_word,2,,0.4285714285714285,1,9.528819411993029,1,0.2495835622151693,1,1
7,"Yo, you ghosted again",you,you,is_single_word,1,,0.0,0,0.0,0,0.0,0,0
7,"Yo, you ghosted again",Yo,yo,is_single_word,0,,0.0,0,14.174751043319702,1,0.606892545397083,1,1
8,"Bro, IRL you fold faster than a Walmart chair",a,a,is_single_word,6,,0.0,0,0.0,0,0.0,0,0
8,"Bro, IRL you fold faster than a Walmart chair",Bro,bro,is_single_word,0,,0.0,0,8.340866088867188,1,0.2211487690607706,1,1
8,"Bro, IRL you fold faster than a Walmart chair",chair,chair,is_single_word,8,,0.0,0,0.0,0,0.0,0,0
8,"Bro, IRL you fold faster than a Walmart chair",faster,faster,is_single_word,4,,0.0,0,0.0,0,0.0,0,0
8,"Bro, IRL you fold faster than a Walmart chair",fold,fold,is_single_word,3,,0.0,0,0.0,0,0.0,0,1
8,"Bro, IRL you fold faster than a Walmart chair",IRL,irl,is_single_word,1,,0.0,0,0.0,0,0.0,0,1
8,"Bro, IRL you fold faster than a Walmart chair",than,than,is_single_word,5,,0.0,0,0.0,0,0.0,0,0
8,"Bro, IRL you fold faster than a Walmart chair",Walmart,walmart,is_single_word,7,,0.0,0,0.0,0,0.0,0,0
8,"Bro, IRL you fold faster than a Walmart chair",you,you,is_single_word,2,,0.0,0,0.0,0,0.0,0,0
9,"Bruh, IRL you fold faster than a Walmart chair",a,a,is_single_word,6,,0.0,0,0.0,0,0.0,0,0
9,"Bruh, IRL you fold faster than a Walmart chair",Bruh,bruh,is_single_word,0,,0.0,0,8.121963262557983,1,0.8759883865714073,1,1
9,"Bruh, IRL you fold faster than a Walmart chair",chair,chair,is_single_word,8,,0.0,0,0.0,0,0.0,0,0
9,"Bruh, IRL you fold faster than a Walmart chair",faster,faster,is_single_word,4,,0.0,0,0.0,0,0.0,0,0
9,"Bruh, IRL you fold faster than a Walmart chair",fold,fold,is_single_word,3,,0.0,0,0.0,0,0.0,0,1
9,"Bruh, IRL you fold faster than a Walmart chair",IRL,irl,is_single_word,1,,0.0,0,0.0,0,0.0,0,1
9,"Bruh, IRL you fold faster than a Walmart chair",than,than,is_single_word,5,,0.0,0,0.0,0,0.0,0,0
9,"Bruh, IRL you fold faster than a Walmart chair",Walmart,walmart,is_single_word,7,,0.0,0,0.0,0,0.0,0,0
9,"Bruh, IRL you fold faster than a Walmart chair",you,you,is_single_word,2,,0.0,0,0.0,0,0.0,0,0
